<?xml version="1.0" encoding="UTF-8"?>
<beans xmlns="http://www.springframework.org/schema/beans"
	xmlns:xsi="http://www.w3.org/2001/XMLSchema-instance" xmlns:p="http://www.springframework.org/schema/p"
	xmlns:context="http://www.springframework.org/schema/context"
	xmlns:mvc="http://www.springframework.org/schema/mvc"
	xsi:schemaLocation="http://www.springframework.org/schema/beans http://www.springframework.org/schema/beans/spring-beans.xsd
        http://www.springframework.org/schema/mvc http://www.springframework.org/schema/mvc/spring-mvc-4.0.xsd
        http://www.springframework.org/schema/context http://www.springframework.org/schema/context/spring-context.xsd">

	<!-- MVC注解驱动 -->
	<mvc:annotation-driven/>

	<!-- 配置扫描器，使得@Controller注解生效 -->
	<context:component-scan base-package="submail.Controller" />


	<!-- 定义视图解析器 -->
	<bean class="org.springframework.web.servlet.view.InternalResourceViewResolver"> 
		<!-- 前缀 -->
		 <property value="/WEB-INF/views/" name="prefix"/> 
 	</bean> 
 	
 	 <bean id="multipartResolver"
    class="org.springframework.web.multipart.commons.CommonsMultipartResolver">
    <property name="maxUploadSize" value="1000000"/>
    <property name="maxInMemorySize" value="10240" />
    </bean> 
	<!-- 处理静态资源被“/”所拦截的问题 -->
	
 	<mvc:default-servlet-handler/>
	

	
</beans>